{
    "cap_util": [
        [
            "APML 1200 MW",
            1200
        ],
        [
            "APML 125 MW",
            125
        ],
        [
            "APML 1320 MW",
            1320
        ],
        [
            "APML 440 MW",
            440
        ],
        [
            "Bhusawal 3",
            210
        ],
        [
            "Bhusawal 4",
            500
        ],
        [
            "Bhusawal 5",
            500
        ],
        [
            "CGPL",
            800
        ],
        [
            "Chandrapur 3",
            210
        ],
        [
            "Chandrapur 4",
            210
        ],
        [
            "Chandrapur 5",
            500
        ],
        [
            "Chandrapur 6",
            500
        ],
        [
            "Chandrapur 7",
            500
        ],
        [
            "Chandrapur 8",
            500
        ],
        [
            "Chandrapur 9",
            500
        ],
        [
            "Dodson II",
            34
        ],
        [
            "Emco Power",
            200
        ],
        [
            "GTPS Uran",
            108
        ],
        [
            "Hydro (Ghatghar)",
            250
        ],
        [
            "JSW",
            300
        ],
        [
            "Khaparkheda 1 to 4",
            210
        ],
        [
            "Khaparkheda 5",
            500
        ],
        [
            "Koradi 6",
            210
        ],
        [
            "Koradi 9",
            660
        ],
        [
            "Nashik 3,4 & 5",
            210
        ],
        [
            "Paras 3",
            250
        ],
        [
            "Paras 4",
            250
        ],
        [
            "Parli 6",
            250
        ],
        [
            "Parli 7",
            250
        ],
        [
            "Parli Replacement U 8",
            250
        ],
        [
            "Pench",
            54
        ],
        [
            "SSP",
            391
        ],
        [
            "Sai Wardha",
            240
        ]
    ],
    "cost": [
        3080.88,
        1834.1,
        1834.1
    ],
    "cost_of_gen": [
        {
            "Cost_of_generation": "0",
            "Generator": "APML 1200 MW"
        },
        {
            "Cost_of_generation": "0",
            "Generator": "APML 125 MW"
        },
        {
            "Cost_of_generation": "0",
            "Generator": "APML 1320 MW"
        },
        {
            "Cost_of_generation": "0",
            "Generator": "APML 440 MW"
        },
        {
            "Cost_of_generation": "9.21 Rs./kWh",
            "Generator": "Bhusawal 3"
        },
        {
            "Cost_of_generation": "2.885 Rs./kWh",
            "Generator": "Bhusawal 4"
        },
        {
            "Cost_of_generation": "2.885 Rs./kWh",
            "Generator": "Bhusawal 5"
        },
        {
            "Cost_of_generation": "0",
            "Generator": "CGPL"
        },
        {
            "Cost_of_generation": "5.81 Rs./kWh",
            "Generator": "Chandrapur 3"
        },
        {
            "Cost_of_generation": "5.81 Rs./kWh",
            "Generator": "Chandrapur 4"
        },
        {
            "Cost_of_generation": "5.81 Rs./kWh",
            "Generator": "Chandrapur 5"
        },
        {
            "Cost_of_generation": "5.81 Rs./kWh",
            "Generator": "Chandrapur 6"
        },
        {
            "Cost_of_generation": "5.81 Rs./kWh",
            "Generator": "Chandrapur 7"
        },
        {
            "Cost_of_generation": "0",
            "Generator": "Chandrapur 8"
        },
        {
            "Cost_of_generation": "0",
            "Generator": "Chandrapur 9"
        },
        {
            "Cost_of_generation": "0",
            "Generator": "Dodson II"
        },
        {
            "Cost_of_generation": "0",
            "Generator": "Emco Power"
        },
        {
            "Cost_of_generation": "9.9 Rs./kWh",
            "Generator": "GTPS Uran"
        },
        {
            "Cost_of_generation": "0",
            "Generator": "Hydro (Ghatghar)"
        },
        {
            "Cost_of_generation": "0",
            "Generator": "JSW"
        },
        {
            "Cost_of_generation": "1.185 Rs./kWh",
            "Generator": "Khaparkheda 1 to 4"
        },
        {
            "Cost_of_generation": "4.75 Rs./kWh",
            "Generator": "Khaparkheda 5"
        },
        {
            "Cost_of_generation": "3.99 Rs./kWh",
            "Generator": "Koradi 6"
        },
        {
            "Cost_of_generation": "0",
            "Generator": "Koradi 9"
        },
        {
            "Cost_of_generation": "6.36 Rs./kWh",
            "Generator": "Nashik 3,4 & 5"
        },
        {
            "Cost_of_generation": "1.715 Rs./kWh",
            "Generator": "Paras 3"
        },
        {
            "Cost_of_generation": "1.715 Rs./kWh",
            "Generator": "Paras 4"
        },
        {
            "Cost_of_generation": "2.86 Rs./kWh",
            "Generator": "Parli 6"
        },
        {
            "Cost_of_generation": "2.86 Rs./kWh",
            "Generator": "Parli 7"
        },
        {
            "Cost_of_generation": "0",
            "Generator": "Parli Replacement U 8"
        },
        {
            "Cost_of_generation": "0",
            "Generator": "Pench"
        },
        {
            "Cost_of_generation": "0",
            "Generator": "SSP"
        },
        {
            "Cost_of_generation": "0",
            "Generator": "Sai Wardha"
        }
    ],
    "data": [
        {
            "Actual_Mus": 692.09,
            "Adjusted_Energy_charge": 1.0,
            "Adjusted_Mus": 1.0,
            "Adjusted_Net_generation": 1.0,
            "Energy_charge": 1.0,
            "Generator": "APML 1200 MW",
            "Net_generation": 1.0,
            "Optimal_Mus": 1.0,
            "allocated_capactity": 1200.0,
            "cap_util": 57.674166666666665
        },
        {
            "Actual_Mus": 18.14,
            "Adjusted_Energy_charge": 1.0,
            "Adjusted_Mus": 1.0,
            "Adjusted_Net_generation": 1.0,
            "Energy_charge": 1.0,
            "Generator": "APML 125 MW",
            "Net_generation": 1.0,
            "Optimal_Mus": 1.0,
            "allocated_capactity": 125.0,
            "cap_util": 14.512
        },
        {
            "Actual_Mus": 851.81,
            "Adjusted_Energy_charge": 1.0,
            "Adjusted_Mus": 1.0,
            "Adjusted_Net_generation": 1.0,
            "Energy_charge": 1.0,
            "Generator": "APML 1320 MW",
            "Net_generation": 1.0,
            "Optimal_Mus": 1.0,
            "allocated_capactity": 1320.0,
            "cap_util": 64.5310606060606
        },
        {
            "Actual_Mus": 37.43,
            "Adjusted_Energy_charge": 1.0,
            "Adjusted_Mus": 1.0,
            "Adjusted_Net_generation": 1.0,
            "Energy_charge": 1.0,
            "Generator": "APML 440 MW",
            "Net_generation": 1.0,
            "Optimal_Mus": 1.0,
            "allocated_capactity": 440.0,
            "cap_util": 8.506818181818181
        },
        {
            "Actual_Mus": 29.82,
            "Adjusted_Energy_charge": 6.0982,
            "Adjusted_Mus": 28.97,
            "Adjusted_Net_generation": 28.97,
            "Energy_charge": 6.0982,
            "Generator": "Bhusawal 3",
            "Net_generation": 28.97,
            "Optimal_Mus": 28.97,
            "allocated_capactity": 210.0,
            "cap_util": 14.2
        },
        {
            "Actual_Mus": 227.87,
            "Adjusted_Energy_charge": 2.109,
            "Adjusted_Mus": 223.43,
            "Adjusted_Net_generation": 223.43,
            "Energy_charge": 2.109,
            "Generator": "Bhusawal 4",
            "Net_generation": 223.43,
            "Optimal_Mus": 223.43,
            "allocated_capactity": 500.0,
            "cap_util": 45.574
        },
        {
            "Actual_Mus": 227.87,
            "Adjusted_Energy_charge": 2.109,
            "Adjusted_Mus": 223.43,
            "Adjusted_Net_generation": 223.43,
            "Energy_charge": 2.109,
            "Generator": "Bhusawal 5",
            "Net_generation": 223.43,
            "Optimal_Mus": 223.43,
            "allocated_capactity": 500.0,
            "cap_util": 45.574
        },
        {
            "Actual_Mus": 132.03,
            "Adjusted_Energy_charge": 1.0,
            "Adjusted_Mus": 1.0,
            "Adjusted_Net_generation": 1.0,
            "Energy_charge": 1.0,
            "Generator": "CGPL",
            "Net_generation": 1.0,
            "Optimal_Mus": 1.0,
            "allocated_capactity": 800.0,
            "cap_util": 16.50375
        },
        {
            "Actual_Mus": 0.0,
            "Adjusted_Energy_charge": 1.0346,
            "Adjusted_Mus": 136.39,
            "Adjusted_Net_generation": 136.394,
            "Energy_charge": 1.0346,
            "Generator": "Chandrapur 3",
            "Net_generation": 136.394,
            "Optimal_Mus": 136.39,
            "allocated_capactity": 210.0,
            "cap_util": 0.0
        },
        {
            "Actual_Mus": 0.0,
            "Adjusted_Energy_charge": 1.0346,
            "Adjusted_Mus": 136.39,
            "Adjusted_Net_generation": 136.394,
            "Energy_charge": 1.0346,
            "Generator": "Chandrapur 4",
            "Net_generation": 136.394,
            "Optimal_Mus": 136.39,
            "allocated_capactity": 210.0,
            "cap_util": 0.0
        },
        {
            "Actual_Mus": 660.56,
            "Adjusted_Energy_charge": 1.0346,
            "Adjusted_Mus": 136.39,
            "Adjusted_Net_generation": 136.394,
            "Energy_charge": 1.0346,
            "Generator": "Chandrapur 5",
            "Net_generation": 136.394,
            "Optimal_Mus": 136.39,
            "allocated_capactity": 500.0,
            "cap_util": 132.112
        },
        {
            "Actual_Mus": 0.0,
            "Adjusted_Energy_charge": 1.0346,
            "Adjusted_Mus": 136.39,
            "Adjusted_Net_generation": 136.394,
            "Energy_charge": 1.0346,
            "Generator": "Chandrapur 6",
            "Net_generation": 136.394,
            "Optimal_Mus": 136.39,
            "allocated_capactity": 500.0,
            "cap_util": 0.0
        },
        {
            "Actual_Mus": 0.0,
            "Adjusted_Energy_charge": 1.0346,
            "Adjusted_Mus": 136.39,
            "Adjusted_Net_generation": 136.394,
            "Energy_charge": 1.0346,
            "Generator": "Chandrapur 7",
            "Net_generation": 136.394,
            "Optimal_Mus": 136.39,
            "allocated_capactity": 500.0,
            "cap_util": 0.0
        },
        {
            "Actual_Mus": 187.18,
            "Adjusted_Energy_charge": 1.0,
            "Adjusted_Mus": 1.0,
            "Adjusted_Net_generation": 1.0,
            "Energy_charge": 1.0,
            "Generator": "Chandrapur 8",
            "Net_generation": 1.0,
            "Optimal_Mus": 1.0,
            "allocated_capactity": 500.0,
            "cap_util": 37.436
        },
        {
            "Actual_Mus": 187.18,
            "Adjusted_Energy_charge": 1.0,
            "Adjusted_Mus": 1.0,
            "Adjusted_Net_generation": 1.0,
            "Energy_charge": 1.0,
            "Generator": "Chandrapur 9",
            "Net_generation": 1.0,
            "Optimal_Mus": 1.0,
            "allocated_capactity": 500.0,
            "cap_util": 37.436
        },
        {
            "Actual_Mus": 0.0,
            "Adjusted_Energy_charge": 1.0,
            "Adjusted_Mus": 1.0,
            "Adjusted_Net_generation": 1.0,
            "Energy_charge": 1.0,
            "Generator": "Dodson II",
            "Net_generation": 1.0,
            "Optimal_Mus": 1.0,
            "allocated_capactity": 34.0,
            "cap_util": 0.0
        },
        {
            "Actual_Mus": 141.59,
            "Adjusted_Energy_charge": 1.0,
            "Adjusted_Mus": 1.0,
            "Adjusted_Net_generation": 1.0,
            "Energy_charge": 1.0,
            "Generator": "Emco Power",
            "Net_generation": 1.0,
            "Optimal_Mus": 1.0,
            "allocated_capactity": 200.0,
            "cap_util": 70.795
        },
        {
            "Actual_Mus": 68.09,
            "Adjusted_Energy_charge": 9.207,
            "Adjusted_Mus": 67.94,
            "Adjusted_Net_generation": 67.94,
            "Energy_charge": 9.207,
            "Generator": "GTPS Uran",
            "Net_generation": 67.94,
            "Optimal_Mus": 67.94,
            "allocated_capactity": 108.0,
            "cap_util": 63.0462962962963
        },
        {
            "Actual_Mus": 158.09,
            "Adjusted_Energy_charge": 1.0,
            "Adjusted_Mus": 1.0,
            "Adjusted_Net_generation": 1.0,
            "Energy_charge": 1.0,
            "Generator": "Hydro (Ghatghar)",
            "Net_generation": 1.0,
            "Optimal_Mus": 1.0,
            "allocated_capactity": 250.0,
            "cap_util": 63.236
        },
        {
            "Actual_Mus": 50.12,
            "Adjusted_Energy_charge": 1.0,
            "Adjusted_Mus": 1.0,
            "Adjusted_Net_generation": 1.0,
            "Energy_charge": 1.0,
            "Generator": "JSW",
            "Net_generation": 1.0,
            "Optimal_Mus": 1.0,
            "allocated_capactity": 300.0,
            "cap_util": 16.706666666666667
        },
        {
            "Actual_Mus": 337.97,
            "Adjusted_Energy_charge": 1.11325,
            "Adjusted_Mus": 84.7,
            "Adjusted_Net_generation": 84.7,
            "Energy_charge": 1.11325,
            "Generator": "Khaparkheda 1 to 4",
            "Net_generation": 84.7,
            "Optimal_Mus": 84.7,
            "allocated_capactity": 210.0,
            "cap_util": 160.93809523809523
        },
        {
            "Actual_Mus": 242.71,
            "Adjusted_Energy_charge": 4.0077,
            "Adjusted_Mus": 238.61,
            "Adjusted_Net_generation": 238.61,
            "Energy_charge": 4.0077,
            "Generator": "Khaparkheda 5",
            "Net_generation": 238.61,
            "Optimal_Mus": 238.61,
            "allocated_capactity": 500.0,
            "cap_util": 48.542
        },
        {
            "Actual_Mus": 74.15,
            "Adjusted_Energy_charge": 3.135,
            "Adjusted_Mus": 74.58,
            "Adjusted_Net_generation": 74.58,
            "Energy_charge": 3.135,
            "Generator": "Koradi 6",
            "Net_generation": 74.58,
            "Optimal_Mus": 74.58,
            "allocated_capactity": 210.0,
            "cap_util": 35.30952380952382
        },
        {
            "Actual_Mus": 194.32,
            "Adjusted_Energy_charge": 1.0,
            "Adjusted_Mus": 1.0,
            "Adjusted_Net_generation": 1.0,
            "Energy_charge": 1.0,
            "Generator": "Koradi 9",
            "Net_generation": 1.0,
            "Optimal_Mus": 1.0,
            "allocated_capactity": 660.0,
            "cap_util": 29.44242424242424
        },
        {
            "Actual_Mus": 158.41,
            "Adjusted_Energy_charge": 5.357,
            "Adjusted_Mus": 162.82,
            "Adjusted_Net_generation": 162.82,
            "Energy_charge": 5.357,
            "Generator": "Nashik 3,4 & 5",
            "Net_generation": 162.82,
            "Optimal_Mus": 162.82,
            "allocated_capactity": 210.0,
            "cap_util": 75.43333333333334
        },
        {
            "Actual_Mus": 61.32,
            "Adjusted_Energy_charge": 1.685,
            "Adjusted_Mus": 61.95,
            "Adjusted_Net_generation": 61.95,
            "Energy_charge": 1.685,
            "Generator": "Paras 3",
            "Net_generation": 61.95,
            "Optimal_Mus": 61.95,
            "allocated_capactity": 250.0,
            "cap_util": 24.528
        },
        {
            "Actual_Mus": 61.32,
            "Adjusted_Energy_charge": 1.685,
            "Adjusted_Mus": 61.95,
            "Adjusted_Net_generation": 61.95,
            "Energy_charge": 1.685,
            "Generator": "Paras 4",
            "Net_generation": 61.95,
            "Optimal_Mus": 61.95,
            "allocated_capactity": 250.0,
            "cap_util": 24.528
        },
        {
            "Actual_Mus": 82.82,
            "Adjusted_Energy_charge": 2.73,
            "Adjusted_Mus": 86.58,
            "Adjusted_Net_generation": 86.585,
            "Energy_charge": 2.73,
            "Generator": "Parli 6",
            "Net_generation": 86.585,
            "Optimal_Mus": 86.58,
            "allocated_capactity": 250.0,
            "cap_util": 33.128
        },
        {
            "Actual_Mus": 82.82,
            "Adjusted_Energy_charge": 2.73,
            "Adjusted_Mus": 86.58,
            "Adjusted_Net_generation": 86.585,
            "Energy_charge": 2.73,
            "Generator": "Parli 7",
            "Net_generation": 86.585,
            "Optimal_Mus": 86.58,
            "allocated_capactity": 250.0,
            "cap_util": 33.128
        },
        {
            "Actual_Mus": 66.37,
            "Adjusted_Energy_charge": 1.0,
            "Adjusted_Mus": 1.0,
            "Adjusted_Net_generation": 1.0,
            "Energy_charge": 1.0,
            "Generator": "Parli Replacement U 8",
            "Net_generation": 1.0,
            "Optimal_Mus": 1.0,
            "allocated_capactity": 250.0,
            "cap_util": 26.548
        },
        {
            "Actual_Mus": 18.85,
            "Adjusted_Energy_charge": 1.0,
            "Adjusted_Mus": 1.0,
            "Adjusted_Net_generation": 1.0,
            "Energy_charge": 1.0,
            "Generator": "Pench",
            "Net_generation": 1.0,
            "Optimal_Mus": 1.0,
            "allocated_capactity": 54.0,
            "cap_util": 34.90740740740741
        },
        {
            "Actual_Mus": 221.14,
            "Adjusted_Energy_charge": 1.0,
            "Adjusted_Mus": 1.0,
            "Adjusted_Net_generation": 1.0,
            "Energy_charge": 1.0,
            "Generator": "SSP",
            "Net_generation": 1.0,
            "Optimal_Mus": 1.0,
            "allocated_capactity": 391.0,
            "cap_util": 56.55754475703325
        },
        {
            "Actual_Mus": 116.35,
            "Adjusted_Energy_charge": 1.0,
            "Adjusted_Mus": 1.0,
            "Adjusted_Net_generation": 1.0,
            "Energy_charge": 1.0,
            "Generator": "Sai Wardha",
            "Net_generation": 1.0,
            "Optimal_Mus": 1.0,
            "allocated_capactity": 240.0,
            "cap_util": 48.479166666666664
        }
    ],
    "date_list": [
        "Dec-2022",
        "Feb-2023",
        "Jan-2023",
        "Nov-2022",
        "Oct-2022"
    ],
    "eff_rate": [
        {
            "Generator": "APML 1200 MW",
            "New_Variable_Rate": 0.0
        },
        {
            "Generator": "APML 125 MW",
            "New_Variable_Rate": 4.088859976662778
        },
        {
            "Generator": "APML 1320 MW",
            "New_Variable_Rate": 0.0
        },
        {
            "Generator": "APML 440 MW",
            "New_Variable_Rate": 4.522741421905024
        },
        {
            "Generator": "Bhusawal 3",
            "New_Variable_Rate": 334.7264705882353
        },
        {
            "Generator": "Bhusawal 4",
            "New_Variable_Rate": 302.6510810810811
        },
        {
            "Generator": "Bhusawal 5",
            "New_Variable_Rate": 302.6510810810811
        },
        {
            "Generator": "CGPL",
            "New_Variable_Rate": 7.674755094253224
        },
        {
            "Generator": "Chandrapur 3",
            "New_Variable_Rate": 3.85
        },
        {
            "Generator": "Chandrapur 4",
            "New_Variable_Rate": 3.85
        },
        {
            "Generator": "Chandrapur 5",
            "New_Variable_Rate": 3.969278625473609
        },
        {
            "Generator": "Chandrapur 6",
            "New_Variable_Rate": 3.85
        },
        {
            "Generator": "Chandrapur 7",
            "New_Variable_Rate": 3.85
        },
        {
            "Generator": "Chandrapur 8",
            "New_Variable_Rate": 3.063480502739285
        },
        {
            "Generator": "Chandrapur 9",
            "New_Variable_Rate": 3.063480502739285
        },
        {
            "Generator": "Dodson II",
            "New_Variable_Rate": 7.9
        },
        {
            "Generator": "Emco Power",
            "New_Variable_Rate": 1.35447549612348
        },
        {
            "Generator": "GTPS Uran",
            "New_Variable_Rate": 4497.21
        },
        {
            "Generator": "Hydro (Ghatghar)",
            "New_Variable_Rate": 3.851932013495448
        },
        {
            "Generator": "JSW",
            "New_Variable_Rate": 2.417371335504887
        },
        {
            "Generator": "Khaparkheda 1 to 4",
            "New_Variable_Rate": 3.655443992577093
        },
        {
            "Generator": "Khaparkheda 5",
            "New_Variable_Rate": 348.780731707317
        },
        {
            "Generator": "Koradi 6",
            "New_Variable_Rate": 820.0167441860465
        },
        {
            "Generator": "Koradi 9",
            "New_Variable_Rate": 1.929832402234637
        },
        {
            "Generator": "Nashik 3,4 & 5",
            "New_Variable_Rate": 282.4693197278912
        },
        {
            "Generator": "Paras 3",
            "New_Variable_Rate": 470.8903174603175
        },
        {
            "Generator": "Paras 4",
            "New_Variable_Rate": 470.8903174603175
        },
        {
            "Generator": "Parli 6",
            "New_Variable_Rate": 173.1934130146082
        },
        {
            "Generator": "Parli 7",
            "New_Variable_Rate": 173.1934130146082
        },
        {
            "Generator": "Parli Replacement U 8",
            "New_Variable_Rate": 4.001154964050787
        },
        {
            "Generator": "Pench",
            "New_Variable_Rate": 2.162464985994398
        },
        {
            "Generator": "SSP",
            "New_Variable_Rate": 2.059144180975743
        },
        {
            "Generator": "Sai Wardha",
            "New_Variable_Rate": 2.009957954052882
        }
    ],
    "energy_charge": [
        {
            "Energy_charge": "1.0",
            "Generator": "APML 1200 MW"
        },
        {
            "Energy_charge": "1.0",
            "Generator": "APML 125 MW"
        },
        {
            "Energy_charge": "1.0",
            "Generator": "APML 1320 MW"
        },
        {
            "Energy_charge": "1.0",
            "Generator": "APML 440 MW"
        },
        {
            "Energy_charge": "6.0982",
            "Generator": "Bhusawal 3"
        },
        {
            "Energy_charge": "2.109",
            "Generator": "Bhusawal 4"
        },
        {
            "Energy_charge": "2.109",
            "Generator": "Bhusawal 5"
        },
        {
            "Energy_charge": "1.0",
            "Generator": "CGPL"
        },
        {
            "Energy_charge": "1.0346",
            "Generator": "Chandrapur 3"
        },
        {
            "Energy_charge": "1.0346",
            "Generator": "Chandrapur 4"
        },
        {
            "Energy_charge": "1.0346",
            "Generator": "Chandrapur 5"
        },
        {
            "Energy_charge": "1.0346",
            "Generator": "Chandrapur 6"
        },
        {
            "Energy_charge": "1.0346",
            "Generator": "Chandrapur 7"
        },
        {
            "Energy_charge": "1.0",
            "Generator": "Chandrapur 8"
        },
        {
            "Energy_charge": "1.0",
            "Generator": "Chandrapur 9"
        },
        {
            "Energy_charge": "1.0",
            "Generator": "Dodson II"
        },
        {
            "Energy_charge": "1.0",
            "Generator": "Emco Power"
        },
        {
            "Energy_charge": "9.207",
            "Generator": "GTPS Uran"
        },
        {
            "Energy_charge": "1.0",
            "Generator": "Hydro (Ghatghar)"
        },
        {
            "Energy_charge": "1.0",
            "Generator": "JSW"
        },
        {
            "Energy_charge": "1.11325",
            "Generator": "Khaparkheda 1 to 4"
        },
        {
            "Energy_charge": "4.0077",
            "Generator": "Khaparkheda 5"
        },
        {
            "Energy_charge": "3.135",
            "Generator": "Koradi 6"
        },
        {
            "Energy_charge": "1.0",
            "Generator": "Koradi 9"
        },
        {
            "Energy_charge": "5.357",
            "Generator": "Nashik 3,4 & 5"
        },
        {
            "Energy_charge": "1.685",
            "Generator": "Paras 3"
        },
        {
            "Energy_charge": "1.685",
            "Generator": "Paras 4"
        },
        {
            "Energy_charge": "2.73",
            "Generator": "Parli 6"
        },
        {
            "Energy_charge": "2.73",
            "Generator": "Parli 7"
        },
        {
            "Energy_charge": "1.0",
            "Generator": "Parli Replacement U 8"
        },
        {
            "Energy_charge": "1.0",
            "Generator": "Pench"
        },
        {
            "Energy_charge": "1.0",
            "Generator": "SSP"
        },
        {
            "Energy_charge": "1.0",
            "Generator": "Sai Wardha"
        }
    ],
    "max_mus": 477.22,
    "mus": {
        "Actual -Mus": 5388.42,
        "Adjusted Mus": 2099.52,
        "Optimal Mus": 2099.52
    },
    "net_charge": [
        {
            "Generator": "APML 1200 MW",
            "Net_generation": "1.0"
        },
        {
            "Generator": "APML 125 MW",
            "Net_generation": "1.0"
        },
        {
            "Generator": "APML 1320 MW",
            "Net_generation": "1.0"
        },
        {
            "Generator": "APML 440 MW",
            "Net_generation": "1.0"
        },
        {
            "Generator": "Bhusawal 3",
            "Net_generation": "28.97"
        },
        {
            "Generator": "Bhusawal 4",
            "Net_generation": "223.43"
        },
        {
            "Generator": "Bhusawal 5",
            "Net_generation": "223.43"
        },
        {
            "Generator": "CGPL",
            "Net_generation": "1.0"
        },
        {
            "Generator": "Chandrapur 3",
            "Net_generation": "136.394"
        },
        {
            "Generator": "Chandrapur 4",
            "Net_generation": "136.394"
        },
        {
            "Generator": "Chandrapur 5",
            "Net_generation": "136.394"
        },
        {
            "Generator": "Chandrapur 6",
            "Net_generation": "136.394"
        },
        {
            "Generator": "Chandrapur 7",
            "Net_generation": "136.394"
        },
        {
            "Generator": "Chandrapur 8",
            "Net_generation": "1.0"
        },
        {
            "Generator": "Chandrapur 9",
            "Net_generation": "1.0"
        },
        {
            "Generator": "Dodson II",
            "Net_generation": "1.0"
        },
        {
            "Generator": "Emco Power",
            "Net_generation": "1.0"
        },
        {
            "Generator": "GTPS Uran",
            "Net_generation": "67.94"
        },
        {
            "Generator": "Hydro (Ghatghar)",
            "Net_generation": "1.0"
        },
        {
            "Generator": "JSW",
            "Net_generation": "1.0"
        },
        {
            "Generator": "Khaparkheda 1 to 4",
            "Net_generation": "84.7"
        },
        {
            "Generator": "Khaparkheda 5",
            "Net_generation": "238.61"
        },
        {
            "Generator": "Koradi 6",
            "Net_generation": "74.58"
        },
        {
            "Generator": "Koradi 9",
            "Net_generation": "1.0"
        },
        {
            "Generator": "Nashik 3,4 & 5",
            "Net_generation": "162.82"
        },
        {
            "Generator": "Paras 3",
            "Net_generation": "61.95"
        },
        {
            "Generator": "Paras 4",
            "Net_generation": "61.95"
        },
        {
            "Generator": "Parli 6",
            "Net_generation": "86.585"
        },
        {
            "Generator": "Parli 7",
            "Net_generation": "86.585"
        },
        {
            "Generator": "Parli Replacement U 8",
            "Net_generation": "1.0"
        },
        {
            "Generator": "Pench",
            "Net_generation": "1.0"
        },
        {
            "Generator": "SSP",
            "Net_generation": "1.0"
        },
        {
            "Generator": "Sai Wardha",
            "Net_generation": "1.0"
        }
    ],
    "ownership": [
        {
            "Generator": "APML 1200 MW",
            "ownership": "IPP"
        },
        {
            "Generator": "APML 125 MW",
            "ownership": "IPP"
        },
        {
            "Generator": "APML 1320 MW",
            "ownership": "IPP"
        },
        {
            "Generator": "APML 440 MW",
            "ownership": "IPP"
        },
        {
            "Generator": "Bhusawal 3",
            "ownership": "State - MSPGCL"
        },
        {
            "Generator": "Bhusawal 4",
            "ownership": "State - MSPGCL"
        },
        {
            "Generator": "Bhusawal 5",
            "ownership": "State - MSPGCL"
        },
        {
            "Generator": "CGPL",
            "ownership": "IPP"
        },
        {
            "Generator": "Chandrapur 3",
            "ownership": "State - MSPGCL"
        },
        {
            "Generator": "Chandrapur 4",
            "ownership": "State - MSPGCL"
        },
        {
            "Generator": "Chandrapur 5",
            "ownership": "State - MSPGCL"
        },
        {
            "Generator": "Chandrapur 6",
            "ownership": "State - MSPGCL"
        },
        {
            "Generator": "Chandrapur 7",
            "ownership": "State - MSPGCL"
        },
        {
            "Generator": "Chandrapur 8",
            "ownership": "State - MSPGCL"
        },
        {
            "Generator": "Chandrapur 9",
            "ownership": "State - MSPGCL"
        },
        {
            "Generator": "Dodson II",
            "ownership": "State - Dodson"
        },
        {
            "Generator": "Emco Power",
            "ownership": "IPP"
        },
        {
            "Generator": "GTPS Uran",
            "ownership": "State - MSPGCL"
        },
        {
            "Generator": "Hydro (Ghatghar)",
            "ownership": "State - MSPGCL"
        },
        {
            "Generator": "JSW",
            "ownership": "IPP"
        },
        {
            "Generator": "Khaparkheda 1 to 4",
            "ownership": "State - MSPGCL"
        },
        {
            "Generator": "Khaparkheda 5",
            "ownership": "State - MSPGCL"
        },
        {
            "Generator": "Koradi 6",
            "ownership": "State - MSPGCL"
        },
        {
            "Generator": "Koradi 9",
            "ownership": "State - MSPGCL"
        },
        {
            "Generator": "Nashik 3,4 & 5",
            "ownership": "State - MSPGCL"
        },
        {
            "Generator": "Paras 3",
            "ownership": "State - MSPGCL"
        },
        {
            "Generator": "Paras 4",
            "ownership": "State - MSPGCL"
        },
        {
            "Generator": "Parli 6",
            "ownership": "State - MSPGCL"
        },
        {
            "Generator": "Parli 7",
            "ownership": "State - MSPGCL"
        },
        {
            "Generator": "Parli Replacement U 8",
            "ownership": "State - MSPGCL"
        },
        {
            "Generator": "Pench",
            "ownership": "Others"
        },
        {
            "Generator": "SSP",
            "ownership": "Others"
        },
        {
            "Generator": "Sai Wardha",
            "ownership": "IPP"
        }
    ],
    "ppa": [
        {
            "Generator": "APML 1200 MW",
            "ppa": "Y"
        },
        {
            "Generator": "APML 125 MW",
            "ppa": "Y"
        },
        {
            "Generator": "APML 1320 MW",
            "ppa": "Y"
        },
        {
            "Generator": "APML 440 MW",
            "ppa": "Y"
        },
        {
            "Generator": "Bhusawal 3",
            "ppa": "Y"
        },
        {
            "Generator": "Bhusawal 4",
            "ppa": "Y"
        },
        {
            "Generator": "Bhusawal 5",
            "ppa": "Y"
        },
        {
            "Generator": "CGPL",
            "ppa": "Y"
        },
        {
            "Generator": "Chandrapur 3",
            "ppa": "Y"
        },
        {
            "Generator": "Chandrapur 4",
            "ppa": "Y"
        },
        {
            "Generator": "Chandrapur 5",
            "ppa": "Y"
        },
        {
            "Generator": "Chandrapur 6",
            "ppa": "Y"
        },
        {
            "Generator": "Chandrapur 7",
            "ppa": "Y"
        },
        {
            "Generator": "Chandrapur 8",
            "ppa": "Y"
        },
        {
            "Generator": "Chandrapur 9",
            "ppa": "Y"
        },
        {
            "Generator": "Dodson II",
            "ppa": "Y"
        },
        {
            "Generator": "Emco Power",
            "ppa": "Y"
        },
        {
            "Generator": "GTPS Uran",
            "ppa": "Y"
        },
        {
            "Generator": "Hydro (Ghatghar)",
            "ppa": "Y"
        },
        {
            "Generator": "JSW",
            "ppa": "Y"
        },
        {
            "Generator": "Khaparkheda 1 to 4",
            "ppa": "Y"
        },
        {
            "Generator": "Khaparkheda 5",
            "ppa": "Y"
        },
        {
            "Generator": "Koradi 6",
            "ppa": "Y"
        },
        {
            "Generator": "Koradi 9",
            "ppa": "Y"
        },
        {
            "Generator": "Nashik 3,4 & 5",
            "ppa": "Y"
        },
        {
            "Generator": "Paras 3",
            "ppa": "Y"
        },
        {
            "Generator": "Paras 4",
            "ppa": "Y"
        },
        {
            "Generator": "Parli 6",
            "ppa": "Y"
        },
        {
            "Generator": "Parli 7",
            "ppa": "Y"
        },
        {
            "Generator": "Parli Replacement U 8",
            "ppa": "Y"
        },
        {
            "Generator": "Pench",
            "ppa": "Y"
        },
        {
            "Generator": "SSP",
            "ppa": "Y"
        },
        {
            "Generator": "Sai Wardha",
            "ppa": "Y"
        }
    ],
    "ppa_util": [
        [
            "APML 1200 MW",
            57.67
        ],
        [
            "APML 125 MW",
            14.51
        ],
        [
            "APML 1320 MW",
            64.53
        ],
        [
            "APML 440 MW",
            8.51
        ],
        [
            "Bhusawal 3",
            14.2
        ],
        [
            "Bhusawal 4",
            45.57
        ],
        [
            "Bhusawal 5",
            45.57
        ],
        [
            "CGPL",
            16.5
        ],
        [
            "Chandrapur 3",
            0.0
        ],
        [
            "Chandrapur 4",
            0.0
        ],
        [
            "Chandrapur 5",
            132.11
        ],
        [
            "Chandrapur 6",
            0.0
        ],
        [
            "Chandrapur 7",
            0.0
        ],
        [
            "Chandrapur 8",
            37.44
        ],
        [
            "Chandrapur 9",
            37.44
        ],
        [
            "Dodson II",
            0.0
        ],
        [
            "Emco Power",
            70.8
        ],
        [
            "GTPS Uran",
            63.05
        ],
        [
            "Hydro (Ghatghar)",
            63.24
        ],
        [
            "JSW",
            16.71
        ],
        [
            "Khaparkheda 1 to 4",
            160.94
        ],
        [
            "Khaparkheda 5",
            48.54
        ],
        [
            "Koradi 6",
            35.31
        ],
        [
            "Koradi 9",
            29.44
        ],
        [
            "Nashik 3,4 & 5",
            75.43
        ],
        [
            "Paras 3",
            24.53
        ],
        [
            "Paras 4",
            24.53
        ],
        [
            "Parli 6",
            33.13
        ],
        [
            "Parli 7",
            33.13
        ],
        [
            "Parli Replacement U 8",
            26.55
        ],
        [
            "Pench",
            34.91
        ],
        [
            "SSP",
            56.56
        ],
        [
            "Sai Wardha",
            48.48
        ]
    ],
    "source": [
        {
            "Generator": "APML 1200 MW",
            "source": "Thermal"
        },
        {
            "Generator": "APML 125 MW",
            "source": "Thermal"
        },
        {
            "Generator": "APML 1320 MW",
            "source": "Thermal"
        },
        {
            "Generator": "APML 440 MW",
            "source": "Thermal"
        },
        {
            "Generator": "Bhusawal 3",
            "source": "Thermal"
        },
        {
            "Generator": "Bhusawal 4",
            "source": "Thermal"
        },
        {
            "Generator": "Bhusawal 5",
            "source": "Thermal"
        },
        {
            "Generator": "CGPL",
            "source": "Thermal"
        },
        {
            "Generator": "Chandrapur 3",
            "source": "Thermal"
        },
        {
            "Generator": "Chandrapur 4",
            "source": "Thermal"
        },
        {
            "Generator": "Chandrapur 5",
            "source": "Thermal"
        },
        {
            "Generator": "Chandrapur 6",
            "source": "Thermal"
        },
        {
            "Generator": "Chandrapur 7",
            "source": "Thermal"
        },
        {
            "Generator": "Chandrapur 8",
            "source": "Thermal"
        },
        {
            "Generator": "Chandrapur 9",
            "source": "Thermal"
        },
        {
            "Generator": "Dodson II",
            "source": "Hydro"
        },
        {
            "Generator": "Emco Power",
            "source": "Thermal"
        },
        {
            "Generator": "GTPS Uran",
            "source": "Gas"
        },
        {
            "Generator": "Hydro (Ghatghar)",
            "source": "Hydro"
        },
        {
            "Generator": "JSW",
            "source": "Thermal"
        },
        {
            "Generator": "Khaparkheda 1 to 4",
            "source": "Thermal"
        },
        {
            "Generator": "Khaparkheda 5",
            "source": "Thermal"
        },
        {
            "Generator": "Koradi 6",
            "source": "Thermal"
        },
        {
            "Generator": "Koradi 9",
            "source": "Thermal"
        },
        {
            "Generator": "Nashik 3,4 & 5",
            "source": "Thermal"
        },
        {
            "Generator": "Paras 3",
            "source": "Thermal"
        },
        {
            "Generator": "Paras 4",
            "source": "Thermal"
        },
        {
            "Generator": "Parli 6",
            "source": "Thermal"
        },
        {
            "Generator": "Parli 7",
            "source": "Thermal"
        },
        {
            "Generator": "Parli Replacement U 8",
            "source": "Thermal"
        },
        {
            "Generator": "Pench",
            "source": "Hydro"
        },
        {
            "Generator": "SSP",
            "source": "Hydro"
        },
        {
            "Generator": "Sai Wardha",
            "source": "Thermal"
        }
    ],
    "total_cost": [
        [
            "APML 1200 MW",
            0.0
        ],
        [
            "APML 125 MW",
            70083060.0
        ],
        [
            "APML 1320 MW",
            0.0
        ],
        [
            "APML 440 MW",
            164763470.0
        ],
        [
            "Bhusawal 3",
            284517500.0
        ],
        [
            "Bhusawal 4",
            1343770800.0
        ],
        [
            "Bhusawal 5",
            1343770800.0
        ],
        [
            "CGPL",
            1005623160.0
        ],
        [
            "Chandrapur 3",
            525116900.0
        ],
        [
            "Chandrapur 4",
            525116900.0
        ],
        [
            "Chandrapur 5",
            2080560900.0
        ],
        [
            "Chandrapur 6",
            525116900.0
        ],
        [
            "Chandrapur 7",
            525116900.0
        ],
        [
            "Chandrapur 8",
            570358800.0
        ],
        [
            "Chandrapur 9",
            570358800.0
        ],
        [
            "Dodson II",
            7900000.0
        ],
        [
            "Emco Power",
            190425710.0
        ],
        [
            "GTPS Uran",
            674581500.0
        ],
        [
            "Hydro (Ghatghar)",
            605100000.0
        ],
        [
            "JSW",
            118741280.0000001
        ],
        [
            "Khaparkheda 1 to 4",
            925814300.0000002
        ],
        [
            "Khaparkheda 5",
            1430001000.0
        ],
        [
            "Koradi 6",
            352607200.0
        ],
        [
            "Koradi 9",
            373075200.0
        ],
        [
            "Nashik 3,4 & 5",
            1245689700.0
        ],
        [
            "Paras 3",
            296660900.0
        ],
        [
            "Paras 4",
            296660900.0
        ],
        [
            "Parli 6",
            652073200.0
        ],
        [
            "Parli 7",
            652073200.0
        ],
        [
            "Parli Replacement U 8",
            261555500.0
        ],
        [
            "Pench",
            38600000.0
        ],
        [
            "SSP",
            453300000.0
        ],
        [
            "Sai Wardha",
            231848650.0
        ]
    ],
    "weighted_avg": [
        {
            "Generator": "APML 1200 MW",
            "weighted_avg": "0"
        },
        {
            "Generator": "APML 125 MW",
            "weighted_avg": "0"
        },
        {
            "Generator": "APML 1320 MW",
            "weighted_avg": "0"
        },
        {
            "Generator": "APML 440 MW",
            "weighted_avg": "0"
        },
        {
            "Generator": "Bhusawal 3",
            "weighted_avg": "7204.77 nan"
        },
        {
            "Generator": "Bhusawal 4",
            "weighted_avg": "3202.24 nan"
        },
        {
            "Generator": "Bhusawal 5",
            "weighted_avg": "3202.24 nan"
        },
        {
            "Generator": "CGPL",
            "weighted_avg": "0"
        },
        {
            "Generator": "Chandrapur 3",
            "weighted_avg": "6071.87 nan"
        },
        {
            "Generator": "Chandrapur 4",
            "weighted_avg": "6071.87 nan"
        },
        {
            "Generator": "Chandrapur 5",
            "weighted_avg": "6071.87 nan"
        },
        {
            "Generator": "Chandrapur 6",
            "weighted_avg": "6071.87 nan"
        },
        {
            "Generator": "Chandrapur 7",
            "weighted_avg": "6071.87 nan"
        },
        {
            "Generator": "Chandrapur 8",
            "weighted_avg": "0"
        },
        {
            "Generator": "Chandrapur 9",
            "weighted_avg": "0"
        },
        {
            "Generator": "Dodson II",
            "weighted_avg": "0"
        },
        {
            "Generator": "Emco Power",
            "weighted_avg": "0"
        },
        {
            "Generator": "GTPS Uran",
            "weighted_avg": "nan nan"
        },
        {
            "Generator": "Hydro (Ghatghar)",
            "weighted_avg": "0"
        },
        {
            "Generator": "JSW",
            "weighted_avg": "0"
        },
        {
            "Generator": "Khaparkheda 1 to 4",
            "weighted_avg": "1165.01 nan"
        },
        {
            "Generator": "Khaparkheda 5",
            "weighted_avg": "5354.67 nan"
        },
        {
            "Generator": "Koradi 6",
            "weighted_avg": "4003.9 nan"
        },
        {
            "Generator": "Koradi 9",
            "weighted_avg": "0"
        },
        {
            "Generator": "Nashik 3,4 & 5",
            "weighted_avg": "6189.75 nan"
        },
        {
            "Generator": "Paras 3",
            "weighted_avg": "2062.14 nan"
        },
        {
            "Generator": "Paras 4",
            "weighted_avg": "2062.14 nan"
        },
        {
            "Generator": "Parli 6",
            "weighted_avg": "2950.305 nan"
        },
        {
            "Generator": "Parli 7",
            "weighted_avg": "2950.305 nan"
        },
        {
            "Generator": "Parli Replacement U 8",
            "weighted_avg": "0"
        },
        {
            "Generator": "Pench",
            "weighted_avg": "0"
        },
        {
            "Generator": "SSP",
            "weighted_avg": "0"
        },
        {
            "Generator": "Sai Wardha",
            "weighted_avg": "0"
        }
    ]
}