[
    [
        "DAM_rates_Modal",
        "GDAM_rates_Modal",
        "RTM_rates_Modal"
    ],
    {
        "": [
            2.12047,
            3.9009699999999996
        ],
        "00:15 - 00:30": [
            1.99966,
            3.90088,
            2.8121199999999997
        ],
        "00:30 - 00:45": [
            1.9995100000000001,
            3.90092,
            2.8125799999999996
        ],
        "00:45 - 01:00": [
            1.99954,
            3.90083,
            3.4004400000000006
        ],
        "01:00 - 01:15": [
            1.99966,
            3.90081,
            3.61618
        ],
        "01:15 - 01:30": [
            1.9994900000000002,
            3.9008000000000003,
            2.8122800000000003
        ],
        "01:30 - 01:45": [
            1.9994,
            3.90074,
            2.50015
        ],
        "01:45 - 02:00": [
            1.9993399999999997,
            3.9007600000000004,
            2.8128400000000005
        ],
        "02:00 - 02:15": [
            1.99928,
            3.90078,
            2.8121799999999997
        ],
        "02:15 - 02:30": [
            1.9992,
            3.9008000000000003,
            2.81286
        ],
        "02:30 - 02:45": [
            1.9991300000000003,
            3.9007899999999998,
            2.8125999999999998
        ],
        "02:45 - 03:00": [
            1.9991300000000003,
            3.90077,
            2.81285
        ],
        "03:00 - 03:15": [
            1.99912,
            3.90078,
            2.81294
        ],
        "03:15 - 03:30": [
            1.9990400000000002,
            3.9008200000000004,
            2.46145
        ],
        "03:30 - 03:45": [
            1.9990200000000002,
            3.90087,
            2.34095
        ],
        "03:45 - 04:00": [
            1.9990099999999997,
            3.90092,
            2.50092
        ],
        "04:00 - 04:15": [
            1.9990099999999997,
            3.9009799999999997,
            2.60058
        ],
        "04:15 - 04:30": [
            1.99905,
            3.9507800000000004,
            2.8128400000000005
        ],
        "04:30 - 04:45": [
            1.99909,
            4.029380000000001,
            3.2911799999999998
        ],
        "04:45 - 05:00": [
            1.9990099999999997,
            4.06813,
            3.4509099999999995
        ],
        "05:00 - 05:15": [
            1.9990200000000002,
            4.27004,
            3.52574
        ],
        "05:15 - 05:30": [
            1.8701599999999998,
            4.050590000000001,
            3.29127
        ],
        "05:30 - 05:45": [
            1.99942,
            4.27098,
            3.06617
        ],
        "05:45 - 06:00": [
            2.80046,
            4.42231,
            3.4084600000000003
        ],
        "06:00 - 06:15": [
            3.08844,
            4.42231,
            3.4084200000000004
        ],
        "06:15 - 06:30": [
            3.3786300000000002,
            5.79911,
            3.7763800000000005
        ],
        "06:30 - 06:45": [
            3.60088,
            5.7992,
            4.110100000000001
        ],
        "06:45 - 07:00": [
            3.82042,
            6.00043,
            4.99197
        ],
        "07:00 - 07:15": [
            4.01067,
            6.00052,
            5.10905
        ],
        "07:15 - 07:30": [
            4.498569999999999,
            6.000640000000001,
            5.49966
        ],
        "07:30 - 07:45": [
            5.7116999999999996,
            10.0,
            6.105390000000001
        ],
        "07:45 - 08:00": [
            10.0,
            10.0,
            7.51087
        ],
        "08:00 - 08:15": [
            10.0,
            10.0,
            10.0
        ],
        "08:15 - 08:30": [
            10.0,
            10.0,
            10.0
        ],
        "08:30 - 08:45": [
            10.0,
            10.0,
            10.0
        ],
        "08:45 - 09:00": [
            10.0,
            10.0,
            10.0
        ],
        "09:00 - 09:15": [
            10.0,
            10.0,
            10.0
        ],
        "09:15 - 09:30": [
            10.0,
            10.0,
            10.0
        ],
        "09:30 - 09:45": [
            10.0,
            10.0,
            10.0
        ],
        "09:45 - 10:00": [
            10.0,
            10.0,
            10.0
        ],
        "10:00 - 10:15": [
            10.0,
            10.0,
            10.0
        ],
        "10:15 - 10:30": [
            10.0,
            10.0,
            10.0
        ],
        "10:30 - 10:45": [
            10.0,
            10.0,
            10.0
        ],
        "10:45 - 11:00": [
            10.0,
            10.0,
            10.0
        ],
        "11:00 - 11:15": [
            9.57,
            5.50087,
            10.0
        ],
        "11:15 - 11:30": [
            5.27012,
            5.10085,
            10.0
        ],
        "11:30 - 11:45": [
            5.1835,
            5.100689999999999,
            10.0
        ],
        "11:45 - 12:00": [
            5.00079,
            4.300050000000001,
            9.99906
        ],
        "12:00 - 12:15": [
            4.06916,
            4.27034,
            7.50006
        ],
        "12:15 - 12:30": [
            4.000179999999999,
            4.27012,
            5.741709999999999
        ],
        "12:30 - 12:45": [
            3.8994499999999994,
            4.07444,
            5.20063
        ],
        "12:45 - 13:00": [
            4.00005,
            4.07428,
            5.000069999999999
        ],
        "13:00 - 13:15": [
            3.70026,
            4.01083,
            4.65179
        ],
        "13:15 - 13:30": [
            3.25907,
            3.90019,
            4.00026
        ],
        "13:30 - 13:45": [
            3.1007800000000003,
            3.90009,
            3.99918
        ],
        "13:45 - 14:00": [
            3.2591,
            3.9003,
            4.00019
        ],
        "14:00 - 14:15": [
            3.2591,
            3.9003799999999997,
            4.00064
        ],
        "14:15 - 14:30": [
            3.2595799999999997,
            4.0101700000000005,
            3.5995
        ],
        "14:30 - 14:45": [
            3.25954,
            4.010260000000001,
            4.00054
        ],
        "14:45 - 15:00": [
            3.2600000000000002,
            4.01035,
            4.403979999999999
        ],
        "15:00 - 15:15": [
            3.60952,
            4.0104999999999995,
            4.712680000000001
        ],
        "15:15 - 15:30": [
            3.6093,
            4.01099,
            5.10971
        ],
        "15:30 - 15:45": [
            3.54192,
            4.07483,
            5.50202
        ],
        "15:45 - 16:00": [
            3.54173,
            4.25379,
            10.0
        ],
        "16:00 - 16:15": [
            3.5418700000000003,
            4.5,
            10.0
        ],
        "16:15 - 16:30": [
            3.9647600000000005,
            5.00092,
            10.0
        ],
        "16:30 - 16:45": [
            4.22744,
            7.000479999999999,
            10.0
        ],
        "16:45 - 17:00": [
            10.0,
            10.0,
            10.0
        ],
        "17:00 - 17:15": [
            10.0,
            10.0,
            10.0
        ],
        "17:15 - 17:30": [
            10.0,
            10.0
        ],
        "17:30 - 17:45": [
            10.0,
            10.0
        ],
        "17:45 - 18:00": [
            10.0,
            10.0
        ],
        "18:00 - 18:15": [
            10.0,
            10.0
        ],
        "18:15 - 18:30": [
            10.0,
            10.0
        ],
        "18:30 - 18:45": [
            10.0,
            10.0
        ],
        "18:45 - 19:00": [
            10.0,
            10.0
        ],
        "19:00 - 19:15": [
            10.0,
            10.0
        ],
        "19:15 - 19:30": [
            10.0,
            10.0
        ],
        "19:30 - 19:45": [
            10.0,
            10.0
        ],
        "19:45 - 20:00": [
            10.0,
            10.0
        ],
        "20:00 - 20:15": [
            7.62964,
            10.0
        ],
        "20:15 - 20:30": [
            5.19949,
            5.00046
        ],
        "20:30 - 20:45": [
            5.15005,
            4.9687
        ],
        "20:45 - 21:00": [
            4.49961,
            4.53575
        ],
        "21:00 - 21:15": [
            4.04929,
            4.53574
        ],
        "21:15 - 21:30": [
            3.3506100000000005,
            4.5352
        ],
        "21:30 - 21:45": [
            3.14234,
            4.49905
        ],
        "21:45 - 22:00": [
            3.0230799999999998,
            4.49234
        ],
        "22:00 - 22:15": [
            2.99939,
            4.270359999999999
        ],
        "22:15 - 22:30": [
            2.45088,
            4.09176
        ],
        "22:30 - 22:45": [
            2.8000700000000003,
            4.06529
        ],
        "22:45 - 23:00": [
            2.75006,
            4.055
        ],
        "23:00 - 23:15": [
            2.5005300000000004,
            4.05625
        ],
        "23:15 - 23:30": [
            2.5004999999999997,
            4.001869999999999
        ],
        "23:30 - 23:45": [
            2.50057,
            4.00082
        ],
        "23:45 - 24:00": [
            2.49981,
            4.00019
        ]
    },
    {
        "": [
            3.0701799999999997,
            3.7508299999999997,
            2.9002
        ],
        "00:15 - 00:30": [
            3.00764,
            3.50069,
            2.8409899999999997
        ],
        "00:30 - 00:45": [
            3.0037399999999996,
            3.50068,
            2.9007899999999998
        ],
        "00:45 - 01:00": [
            3.00054,
            3.50054,
            2.9276500000000003
        ],
        "01:00 - 01:15": [
            2.9409699999999996,
            3.5005,
            2.92788
        ],
        "01:15 - 01:30": [
            2.85082,
            3.50037,
            2.2893800000000004
        ],
        "01:30 - 01:45": [
            2.85029,
            3.5002699999999995,
            2.10577
        ],
        "01:45 - 02:00": [
            2.58031,
            3.5001999999999995,
            1.99973
        ],
        "02:00 - 02:15": [
            2.51208,
            3.5002199999999997,
            1.84829
        ],
        "02:15 - 02:30": [
            2.50049,
            3.50026,
            1.9991300000000003
        ],
        "02:30 - 02:45": [
            2.4899099999999996,
            3.50026,
            2.1054299999999997
        ],
        "02:45 - 03:00": [
            2.4898800000000003,
            3.5003,
            2.10576
        ],
        "03:00 - 03:15": [
            2.48967,
            3.5004800000000005,
            2.1059
        ],
        "03:15 - 03:30": [
            2.54069,
            3.5006700000000004,
            2.1055300000000003
        ],
        "03:30 - 03:45": [
            2.5404899999999997,
            3.50077,
            2.1052600000000004
        ],
        "03:45 - 04:00": [
            2.7334199999999997,
            3.50077,
            1.9997
        ],
        "04:00 - 04:15": [
            2.73371,
            3.50085,
            1.9994
        ],
        "04:15 - 04:30": [
            2.83039,
            3.5009,
            1.84841
        ],
        "04:30 - 04:45": [
            2.85031,
            3.5009799999999998,
            2.4901799999999996
        ],
        "04:45 - 05:00": [
            2.7336,
            3.70008,
            2.696
        ],
        "05:00 - 05:15": [
            2.4503600000000003,
            3.7006300000000003,
            2.81005
        ],
        "05:15 - 05:30": [
            2.8992199999999997,
            3.90112,
            2.71177
        ],
        "05:30 - 05:45": [
            3.00087,
            10.0,
            2.6000799999999997
        ],
        "05:45 - 06:00": [
            3.14203,
            4.44217,
            2.3999099999999998
        ],
        "06:00 - 06:15": [
            3.30828,
            4.43783,
            2.81046
        ],
        "06:15 - 06:30": [
            3.6310000000000002,
            10.0,
            1.9999200000000001
        ],
        "06:30 - 06:45": [
            3.82051,
            10.0,
            3.25905
        ],
        "06:45 - 07:00": [
            4.00044,
            10.0,
            3.50021
        ],
        "07:00 - 07:15": [
            4.498609999999999,
            10.0,
            3.5422199999999995
        ],
        "07:15 - 07:30": [
            4.49853,
            10.0,
            4.00067
        ],
        "07:30 - 07:45": [
            10.0,
            10.0,
            4.0898699999999995
        ],
        "07:45 - 08:00": [
            10.0,
            10.0,
            4.84404
        ],
        "08:00 - 08:15": [
            10.0,
            10.0,
            4.724539999999999
        ],
        "08:15 - 08:30": [
            10.0,
            10.0,
            5.0006
        ],
        "08:30 - 08:45": [
            10.0,
            10.0,
            6.49967
        ],
        "08:45 - 09:00": [
            10.0,
            10.0,
            7.50594
        ],
        "09:00 - 09:15": [
            10.0,
            10.0,
            9.999799999999999
        ],
        "09:15 - 09:30": [
            10.0,
            10.0,
            10.0
        ],
        "09:30 - 09:45": [
            10.0,
            10.0,
            10.0
        ],
        "09:45 - 10:00": [
            10.0,
            10.0,
            10.0
        ],
        "10:00 - 10:15": [
            10.0,
            10.0,
            10.0
        ],
        "10:15 - 10:30": [
            10.0,
            10.0,
            10.0
        ],
        "10:30 - 10:45": [
            10.0,
            10.0,
            10.0
        ],
        "10:45 - 11:00": [
            10.0,
            10.0,
            10.0
        ],
        "11:00 - 11:15": [
            8.273309999999999,
            9.98932,
            10.0
        ],
        "11:15 - 11:30": [
            8.99937,
            4.49333,
            9.999559999999999
        ],
        "11:30 - 11:45": [
            7.5000100000000005,
            4.38845,
            7.510859999999999
        ],
        "11:45 - 12:00": [
            6.000159999999999,
            4.010730000000001,
            4.955579999999999
        ],
        "12:00 - 12:15": [
            5.42607,
            4.01067,
            4.85734
        ],
        "12:15 - 12:30": [
            4.54574,
            4.01062,
            4.7270900000000005
        ],
        "12:30 - 12:45": [
            4.24946,
            4.01049,
            4.73005
        ],
        "12:45 - 13:00": [
            4.11041,
            4.01047,
            4.72734
        ],
        "13:00 - 13:15": [
            4.000159999999999,
            4.01031,
            4.24957
        ],
        "13:15 - 13:30": [
            3.4907199999999996,
            4.00028,
            3.6408899999999997
        ],
        "13:30 - 13:45": [
            3.2599600000000004,
            4.00029,
            3.2594299999999996
        ],
        "13:45 - 14:00": [
            3.56069,
            4.0003,
            3.80077
        ],
        "14:00 - 14:15": [
            3.6303600000000005,
            4.0003,
            3.79792
        ],
        "14:15 - 14:30": [
            3.63085,
            4.000719999999999,
            3.66209
        ],
        "14:30 - 14:45": [
            3.6302399999999997,
            4.00075,
            3.7433300000000003
        ],
        "14:45 - 15:00": [
            3.75246,
            4.00079,
            3.7520900000000004
        ],
        "15:00 - 15:15": [
            3.79746,
            4.00084,
            3.81088
        ],
        "15:15 - 15:30": [
            4.1066,
            4.00087,
            3.8739200000000005
        ],
        "15:30 - 15:45": [
            4.106350000000001,
            4.01014,
            3.9995
        ],
        "15:45 - 16:00": [
            4.106920000000001,
            4.01025,
            3.9996
        ],
        "16:00 - 16:15": [
            4.19945,
            5.00099,
            4.00087
        ],
        "16:15 - 16:30": [
            5.18398,
            6.00054,
            3.5838799999999997
        ],
        "16:30 - 16:45": [
            6.499460000000001,
            6.00098,
            4.501779999999999
        ],
        "16:45 - 17:00": [
            10.0,
            10.0,
            5.42642
        ],
        "17:00 - 17:15": [
            10.0,
            10.0,
            7.000970000000001
        ],
        "17:15 - 17:30": [
            10.0,
            10.0,
            10.0
        ],
        "17:30 - 17:45": [
            10.0,
            10.0,
            10.0
        ],
        "17:45 - 18:00": [
            10.0,
            10.0,
            10.0
        ],
        "18:00 - 18:15": [
            10.0,
            10.0,
            10.0
        ],
        "18:15 - 18:30": [
            10.0,
            10.0,
            10.0
        ],
        "18:30 - 18:45": [
            10.0,
            10.0,
            10.0
        ],
        "18:45 - 19:00": [
            10.0,
            10.0,
            10.0
        ],
        "19:00 - 19:15": [
            10.0,
            10.0,
            10.0
        ],
        "19:15 - 19:30": [
            10.0,
            10.0,
            10.0
        ],
        "19:30 - 19:45": [
            10.0,
            8.00098,
            10.0
        ],
        "19:45 - 20:00": [
            10.0,
            6.59987,
            10.0
        ],
        "20:00 - 20:15": [
            10.0,
            6.10025,
            10.0
        ],
        "20:15 - 20:30": [
            5.999899999999999,
            6.0007,
            8.52
        ],
        "20:30 - 20:45": [
            5.36715,
            6.0007,
            5.63261
        ],
        "20:45 - 21:00": [
            4.8224,
            6.00066,
            4.610760000000001
        ],
        "21:00 - 21:15": [
            4.20903,
            6.00039,
            3.99724
        ],
        "21:15 - 21:30": [
            3.90935,
            5.79929,
            3.09936
        ],
        "21:30 - 21:45": [
            3.3509299999999995,
            4.5352,
            2.9763200000000003
        ],
        "21:45 - 22:00": [
            3.14287,
            4.53517,
            3.59913
        ],
        "22:00 - 22:15": [
            3.1201700000000003,
            4.5351099999999995,
            3.0009699999999997
        ],
        "22:15 - 22:30": [
            2.94042,
            4.0004,
            3.6592100000000003
        ],
        "22:30 - 22:45": [
            2.99988,
            4.00028,
            4.00022
        ],
        "22:45 - 23:00": [
            2.99932,
            4.00024,
            3.5479099999999995
        ],
        "23:00 - 23:15": [
            3.00045,
            4.00017,
            3.4308099999999997
        ],
        "23:15 - 23:30": [
            3.11089,
            4.00008,
            3.0379899999999997
        ],
        "23:30 - 23:45": [
            3.1303600000000005,
            3.9106,
            2.90091
        ],
        "23:45 - 24:00": [
            3.09144,
            3.80034,
            2.9004499999999998
        ]
    },
    "03-01-2024",
    "02-01-2024"
]